﻿<parameters>
  <parameter name="IIS Web Application Name" defaultValue="JaguarMobile" tags="IisApp">
    <parameterEntry kind="ProviderPath" scope="IisApp" match="^C:\\Personal\\EARTH\\API\\EARTH\.Jaguar\\EARTH\.Jaguar\\obj\\Release\\Package\\PackageTmp$" />
    <parameterEntry kind="ProviderPath" scope="setAcl" match="^C:\\Personal\\EARTH\\API\\EARTH\.Jaguar\\EARTH\.Jaguar\\obj\\Release\\Package\\PackageTmp$" />
  </parameter>
  <parameter name="SGA_DesarrolloEntities-Web.config Connection String" defaultValue="metadata=res://*/Models.SGAModel.csdl|res://*/Models.SGAModel.ssdl|res://*/Models.SGAModel.msl;provider=System.Data.SqlClient;provider connection string=&quot;Data Source=localhost\MSSQLSERVER8R2;Initial Catalog=SGA_Desarrollo;Integrated Security=True;MultipleActiveResultSets=True;Application Name=EntityFramework&quot;">
    <parameterEntry kind="XmlFile" scope="C:\\Personal\\EARTH\\API\\EARTH\.Jaguar\\EARTH\.Jaguar\\obj\\Release\\Package\\PackageTmp\\Web\.config$" match="/configuration/connectionStrings/add[@name='SGA_DesarrolloEntities']/@connectionString" />
  </parameter>
  <parameter name="DefaultConnection-Web.config Connection String" description="DefaultConnection Connection String used in web.config by the application to access the database." defaultValue="Data Source=(LocalDb)\v11.0;Initial Catalog=aspnet-EARTH.Jaguar-20130514105101;Integrated Security=SSPI;AttachDBFilename=|DataDirectory|\aspnet-EARTH.Jaguar-20130514105101.mdf" tags="SqlConnectionString">
    <parameterEntry kind="XmlFile" scope="C:\\Personal\\EARTH\\API\\EARTH\.Jaguar\\EARTH\.Jaguar\\obj\\Release\\Package\\PackageTmp\\Web\.config$" match="/configuration/connectionStrings/add[@name='DefaultConnection']/@connectionString" />
  </parameter>
</parameters>